t,s,var,value
2024-01,S1,temperature,0
2024-01,S1,precipitation,5
2024-01,S2,temperature,3
2024-01,S2,precipitation,8
2024-01,S3,temperature,6
2024-01,S3,precipitation,11
2024-01,S4,temperature,9
2024-01,S4,precipitation,14
2024-02,S1,temperature,10
2024-02,S1,precipitation,15
2024-02,S2,temperature,13
2024-02,S2,precipitation,18
2024-02,S3,temperature,16
2024-02,S3,precipitation,21
2024-02,S4,temperature,19
2024-02,S4,precipitation,24
2024-03,S1,temperature,20
2024-03,S1,precipitation,25
2024-03,S2,temperature,23
2024-03,S2,precipitation,28
2024-03,S3,temperature,26
2024-03,S3,precipitation,31
2024-03,S4,temperature,29
2024-03,S4,precipitation,34
2024-04,S1,temperature,30
2024-04,S1,precipitation,35
2024-04,S2,temperature,33
2024-04,S2,precipitation,38
2024-04,S3,temperature,36
2024-04,S3,precipitation,
2024-04,S4,temperature,39
2024-04,S4,precipitation,44
2024-05,S1,temperature,40
2024-05,S1,precipitation,45
2024-05,S2,temperature,43
2024-05,S2,precipitation,48
2024-05,S3,temperature,46
2024-05,S3,precipitation,51
2024-05,S4,temperature,49
2024-05,S4,precipitation,54
2024-06,S1,temperature,50
2024-06,S1,precipitation,55
2024-06,S2,temperature,53
2024-06,S2,precipitation,58
2024-06,S3,temperature,56
2024-06,S3,precipitation,61
2024-06,S4,temperature,59
2024-06,S4,precipitation,64
