event_id,unit,value,t,tz
E00001,U1,13,2024-01-01T13:00:00+09:00,+09:00
E00002,U2,26,2024-01-01T13:00:00+09:00,+09:00
E00003,U3,39,2024-01-01T13:00:00+09:00,+09:00
E00004,U4,52,2024-01-01T13:00:00+09:00,+09:00
E00005,U5,65,2024-01-01T13:00:00+09:00,+09:00
E00006,U6,78,2024-01-01T13:00:00+09:00,+09:00
E00007,U1,91,2024-01-02T00:00:00+08:00,+08:00
E00008,U2,7,2024-01-02T00:00:00+08:00,+08:00
E00009,U3,20,2024-01-02T00:00:00+08:00,+08:00
E00010,U4,33,2024-01-02T00:00:00+08:00,+08:00
E00011,U5,46,2024-01-02T00:00:00+08:00,+08:00
E00012,U6,59,2024-01-02T00:00:00+08:00,+08:00
E00013,U1,72,2024-01-02T12:00:00+08:00,+08:00
E00014,U1,85,2024-01-02T12:00:00+08:00,+08:00
E00015,U2,1,2024-01-02T12:00:00+08:00,+08:00
E00016,U2,14,2024-01-02T12:00:00+08:00,+08:00
E00017,U3,27,2024-01-02T12:00:00+08:00,+08:00
E00018,U3,40,2024-01-02T12:00:00+08:00,+08:00
E00019,U4,53,2024-01-02T12:00:00+08:00,+08:00
E00020,U4,66,2024-01-02T12:00:00+08:00,+08:00
E00021,U5,79,2024-01-02T12:00:00+08:00,+08:00
E00022,U5,92,2024-01-02T12:00:00+08:00,+08:00
E00023,U6,8,2024-01-02T12:00:00+08:00,+08:00
E00024,U6,21,2024-01-02T12:00:00+08:00,+08:00
E00025,U1,34,2024-01-03T00:00:00+08:00,+08:00
E00026,U1,47,2024-01-03T00:00:00+08:00,+08:00
E00027,U2,60,2024-01-03T00:00:00+08:00,+08:00
E00028,U2,73,2024-01-03T00:00:00+08:00,+08:00
E00029,U3,86,2024-01-03T00:00:00+08:00,+08:00
E00030,U3,2,2024-01-03T00:00:00+08:00,+08:00
E00031,U4,15,2024-01-03T00:00:00+08:00,+08:00
E00032,U4,28,2024-01-03T00:00:00+08:00,+08:00
E00033,U5,41,2024-01-03T00:00:00+08:00,+08:00
E00034,U5,54,2024-01-03T00:00:00+08:00,+08:00
E00035,U6,67,2024-01-03T00:00:00+08:00,+08:00
E00036,U6,80,2024-01-03T00:00:00+08:00,+08:00
E00037,U1,93,2024-01-04T12:00:00+08:00,+08:00
E00038,U2,9,2024-01-04T12:00:00+08:00,+08:00
E00039,U3,22,2024-01-04T12:00:00+08:00,+08:00
E00040,U4,35,2024-01-04T12:00:00+08:00,+08:00
E00041,U5,48,2024-01-04T12:00:00+08:00,+08:00
E00042,U6,61,2024-01-04T12:00:00+08:00,+08:00
E00043,U1,74,2024-01-05T00:00:00+08:00,+08:00
E00044,U2,87,2024-01-05T00:00:00+08:00,+08:00
E00045,U3,3,2024-01-05T00:00:00+08:00,+08:00
E00046,U4,16,2024-01-05T00:00:00+08:00,+08:00
E00047,U5,29,2024-01-05T00:00:00+08:00,+08:00
E00048,U6,42,2024-01-05T00:00:00+08:00,+08:00
E00049,U1,55,2024-01-05T12:00:00+08:00,+08:00
E00050,U1,68,2024-01-05T12:00:00+08:00,+08:00
E00051,U2,81,2024-01-05T12:00:00+08:00,+08:00
E00052,U2,94,2024-01-05T12:00:00+08:00,+08:00
E00053,U3,10,2024-01-05T12:00:00+08:00,+08:00
E00054,U3,23,2024-01-05T12:00:00+08:00,+08:00
E00055,U4,36,2024-01-05T12:00:00+08:00,+08:00
E00056,U4,49,2024-01-05T12:00:00+08:00,+08:00
E00057,U5,62,2024-01-05T12:00:00+08:00,+08:00
E00058,U5,75,2024-01-05T12:00:00+08:00,+08:00
E00059,U6,88,2024-01-05T12:00:00+08:00,+08:00
E00060,U6,4,2024-01-05T12:00:00+08:00,+08:00
E00061,U1,17,2024-01-06T00:00:00+08:00,+08:00
E00062,U1,30,2024-01-06T00:00:00+08:00,+08:00
E00063,U2,43,2024-01-06T00:00:00+08:00,+08:00
E00064,U2,56,2024-01-06T00:00:00+08:00,+08:00
E00065,U3,69,2024-01-06T00:00:00+08:00,+08:00
E00066,U3,82,2024-01-06T00:00:00+08:00,+08:00
E00067,U4,95,2024-01-06T00:00:00+08:00,+08:00
E00068,U4,11,2024-01-06T00:00:00+08:00,+08:00
E00069,U5,24,2024-01-06T00:00:00+08:00,+08:00
E00070,U5,37,2024-01-06T00:00:00+08:00,+08:00
E00071,U6,50,2024-01-06T00:00:00+08:00,+08:00
E00072,U6,63,2024-01-06T00:00:00+08:00,+08:00
E00073,U1,76,2024-01-07T12:00:00+08:00,+08:00
E00074,U2,89,2024-01-07T12:00:00+08:00,+08:00
E00075,U3,5,2024-01-07T12:00:00+08:00,+08:00
E00076,U4,18,2024-01-07T12:00:00+08:00,+08:00
E00077,U5,31,2024-01-07T12:00:00+08:00,+08:00
E00078,U6,44,2024-01-07T12:00:00+08:00,+08:00
E00079,U1,57,2024-01-08T00:00:00+08:00,+08:00
E00080,U2,70,2024-01-08T00:00:00+08:00,+08:00
E00081,U3,83,2024-01-08T00:00:00+08:00,+08:00
E00082,U4,96,2024-01-08T00:00:00+08:00,+08:00
E00083,U5,12,2024-01-08T00:00:00+08:00,+08:00
E00084,U6,25,2024-01-08T00:00:00+08:00,+08:00
E00085,U1,38,2024-01-08T12:00:00+08:00,+08:00
E00086,U1,51,2024-01-08T12:00:00+08:00,+08:00
E00087,U2,64,2024-01-08T12:00:00+08:00,+08:00
E00088,U2,77,2024-01-08T12:00:00+08:00,+08:00
E00089,U3,90,2024-01-08T12:00:00+08:00,+08:00
E00090,U3,6,2024-01-08T12:00:00+08:00,+08:00
E00091,U4,19,2024-01-08T12:00:00+08:00,+08:00
E00092,U4,32,2024-01-08T12:00:00+08:00,+08:00
E00093,U5,45,2024-01-08T12:00:00+08:00,+08:00
E00094,U5,58,2024-01-08T12:00:00+08:00,+08:00
E00095,U6,71,2024-01-08T12:00:00+08:00,+08:00
E00096,U6,84,2024-01-08T12:00:00+08:00,+08:00
E00097,U1,0,2024-01-09T00:00:00+08:00,+08:00
E00098,U1,13,2024-01-09T00:00:00+08:00,+08:00
E00099,U2,26,2024-01-09T00:00:00+08:00,+08:00
E00100,U2,39,2024-01-09T00:00:00+08:00,+08:00
E00101,U3,52,2024-01-09T00:00:00+08:00,+08:00
E00102,U3,65,2024-01-09T00:00:00+08:00,+08:00
E00103,U4,78,2024-01-09T00:00:00+08:00,+08:00
E00104,U4,91,2024-01-09T00:00:00+08:00,+08:00
E00105,U5,7,2024-01-09T00:00:00+08:00,+08:00
E00106,U5,20,2024-01-09T00:00:00+08:00,+08:00
E00107,U6,33,2024-01-09T00:00:00+08:00,+08:00
E00108,U6,46,2024-01-09T00:00:00+08:00,+08:00
E00109,U1,59,2024-01-10T12:00:00+08:00,+08:00
E00110,U2,72,2024-01-10T12:00:00+08:00,+08:00
E00111,U3,85,2024-01-10T12:00:00+08:00,+08:00
E00112,U4,1,2024-01-10T12:00:00+08:00,+08:00
E00113,U5,14,2024-01-10T12:00:00+08:00,+08:00
E00114,U6,27,2024-01-10T12:00:00+08:00,+08:00
E00115,U1,40,2024-01-11T00:00:00+08:00,+08:00
E00116,U2,53,2024-01-11T00:00:00+08:00,+08:00
E00117,U3,66,2024-01-11T00:00:00+08:00,+08:00
E00118,U4,79,2024-01-11T00:00:00+08:00,+08:00
E00119,U5,92,2024-01-11T00:00:00+08:00,+08:00
E00120,U6,8,2024-01-11T00:00:00+08:00,+08:00
E00121,U1,21,2024-01-11T12:00:00+08:00,+08:00
E00122,U1,34,2024-01-11T12:00:00+08:00,+08:00
E00123,U2,47,2024-01-11T12:00:00+08:00,+08:00
E00124,U2,60,2024-01-11T12:00:00+08:00,+08:00
E00125,U3,73,2024-01-11T12:00:00+08:00,+08:00
E00126,U3,86,2024-01-11T12:00:00+08:00,+08:00
E00127,U4,2,2024-01-11T12:00:00+08:00,+08:00
E00128,U4,15,2024-01-11T12:00:00+08:00,+08:00
E00129,U5,28,2024-01-11T12:00:00+08:00,+08:00
E00130,U5,41,2024-01-11T12:00:00+08:00,+08:00
E00131,U6,54,2024-01-11T12:00:00+08:00,+08:00
E00132,U6,67,2024-01-11T12:00:00+08:00,+08:00
E00133,U1,80,2024-01-12T00:00:00+08:00,+08:00
E00134,U1,93,2024-01-12T00:00:00+08:00,+08:00
E00135,U2,9,2024-01-12T00:00:00+08:00,+08:00
E00136,U2,22,2024-01-12T00:00:00+08:00,+08:00
E00137,U3,35,2024-01-12T00:00:00+08:00,+08:00
E00138,U3,48,2024-01-12T00:00:00+08:00,+08:00
E00139,U4,61,2024-01-12T00:00:00+08:00,+08:00
E00140,U4,74,2024-01-12T00:00:00+08:00,+08:00
E00141,U5,87,2024-01-12T00:00:00+08:00,+08:00
E00142,U5,3,2024-01-12T00:00:00+08:00,+08:00
E00143,U6,16,2024-01-12T00:00:00+08:00,+08:00
E00144,U6,29,2024-01-12T00:00:00+08:00,+08:00
E00145,U1,42,2024-01-13T12:00:00+08:00,+08:00
E00146,U2,55,2024-01-13T12:00:00+08:00,+08:00
E00147,U3,68,2024-01-13T12:00:00+08:00,+08:00
E00148,U4,81,2024-01-13T12:00:00+08:00,+08:00
E00149,U5,94,2024-01-13T12:00:00+08:00,+08:00
E00150,U6,10,2024-01-13T12:00:00+08:00,+08:00
E00151,U1,23,2024-01-14T00:00:00+08:00,+08:00
E00152,U2,36,2024-01-14T00:00:00+08:00,+08:00
E00153,U3,49,2024-01-14T00:00:00+08:00,+08:00
E00154,U4,62,2024-01-14T00:00:00+08:00,+08:00
E00155,U5,75,2024-01-14T00:00:00+08:00,+08:00
E00156,U6,88,2024-01-14T00:00:00+08:00,+08:00
E00157,U1,4,2024-01-14T12:00:00+08:00,+08:00
E00158,U1,17,2024-01-14T12:00:00+08:00,+08:00
E00159,U2,30,2024-01-14T12:00:00+08:00,+08:00
E00160,U2,43,2024-01-14T12:00:00+08:00,+08:00
E00161,U3,56,2024-01-14T12:00:00+08:00,+08:00
E00162,U3,69,2024-01-14T12:00:00+08:00,+08:00
E00163,U4,82,2024-01-14T12:00:00+08:00,+08:00
E00164,U4,95,2024-01-14T12:00:00+08:00,+08:00
E00165,U5,11,2024-01-14T12:00:00+08:00,+08:00
E00166,U5,24,2024-01-14T12:00:00+08:00,+08:00
E00167,U6,37,2024-01-14T12:00:00+08:00,+08:00
E00168,U6,50,2024-01-14T12:00:00+08:00,+08:00
E00169,U1,63,2024-01-15T00:00:00+08:00,+08:00
E00170,U1,76,2024-01-15T00:00:00+08:00,+08:00
E00171,U2,89,2024-01-15T00:00:00+08:00,+08:00
E00172,U2,5,2024-01-15T00:00:00+08:00,+08:00
E00173,U3,18,2024-01-15T00:00:00+08:00,+08:00
E00174,U3,31,2024-01-15T00:00:00+08:00,+08:00
E00175,U4,44,2024-01-15T00:00:00+08:00,+08:00
E00176,U4,57,2024-01-15T00:00:00+08:00,+08:00
E00177,U5,70,2024-01-15T00:00:00+08:00,+08:00
E00178,U5,83,2024-01-15T00:00:00+08:00,+08:00
E00179,U6,96,2024-01-15T00:00:00+08:00,+08:00
E00180,U6,12,2024-01-15T00:00:00+08:00,+08:00
E00181,U1,25,2024-01-16T12:00:00+08:00,+08:00
E00182,U2,38,2024-01-16T12:00:00+08:00,+08:00
E00183,U3,51,2024-01-16T12:00:00+08:00,+08:00
E00184,U4,64,2024-01-16T12:00:00+08:00,+08:00
E00185,U5,77,2024-01-16T12:00:00+08:00,+08:00
E00186,U6,90,2024-01-16T12:00:00+08:00,+08:00
E00187,U1,6,2024-01-17T00:00:00+08:00,+08:00
E00188,U2,19,2024-01-17T00:00:00+08:00,+08:00
E00189,U3,32,2024-01-17T00:00:00+08:00,+08:00
E00190,U4,45,2024-01-17T00:00:00+08:00,+08:00
E00191,U5,58,2024-01-17T00:00:00+08:00,+08:00
E00192,U6,71,2024-01-17T00:00:00+08:00,+08:00
E00193,U1,84,2024-01-17T12:00:00+08:00,+08:00
E00194,U1,0,2024-01-17T12:00:00+08:00,+08:00
E00195,U2,13,2024-01-17T12:00:00+08:00,+08:00
E00196,U2,26,2024-01-17T12:00:00+08:00,+08:00
E00197,U3,39,2024-01-17T12:00:00+08:00,+08:00
E00198,U3,52,2024-01-17T12:00:00+08:00,+08:00
E00199,U4,65,2024-01-17T12:00:00+08:00,+08:00
E00200,U4,78,2024-01-17T12:00:00+08:00,+08:00
E00201,U5,91,2024-01-17T12:00:00+08:00,+08:00
E00202,U5,7,2024-01-17T12:00:00+08:00,+08:00
E00203,U6,20,2024-01-17T12:00:00+08:00,+08:00
E00204,U6,33,2024-01-17T12:00:00+08:00,+08:00
E00205,U1,46,2024-01-18T00:00:00+08:00,+08:00
E00206,U1,59,2024-01-18T00:00:00+08:00,+08:00
E00207,U2,72,2024-01-18T00:00:00+08:00,+08:00
E00208,U2,85,2024-01-18T00:00:00+08:00,+08:00
E00209,U3,1,2024-01-18T00:00:00+08:00,+08:00
E00210,U3,14,2024-01-18T00:00:00+08:00,+08:00
E00211,U4,27,2024-01-18T00:00:00+08:00,+08:00
E00212,U4,40,2024-01-18T00:00:00+08:00,+08:00
E00213,U5,53,2024-01-18T00:00:00+08:00,+08:00
E00214,U5,66,2024-01-18T00:00:00+08:00,+08:00
E00215,U6,79,2024-01-18T00:00:00+08:00,+08:00
E00216,U6,92,2024-01-18T00:00:00+08:00,+08:00
E00217,U1,8,2024-01-19T12:00:00+08:00,+08:00
E00218,U2,21,2024-01-19T12:00:00+08:00,+08:00
E00219,U3,34,2024-01-19T12:00:00+08:00,+08:00
E00220,U4,47,2024-01-19T12:00:00+08:00,+08:00
E00221,U5,60,2024-01-19T12:00:00+08:00,+08:00
E00222,U6,73,2024-01-19T12:00:00+08:00,+08:00
E00223,U1,86,2024-01-20T00:00:00+08:00,+08:00
E00224,U2,2,2024-01-20T00:00:00+08:00,+08:00
E00225,U3,15,2024-01-20T00:00:00+08:00,+08:00
E00226,U4,28,2024-01-20T00:00:00+08:00,+08:00
E00227,U5,41,2024-01-20T00:00:00+08:00,+08:00
E00228,U6,54,2024-01-20T00:00:00+08:00,+08:00
E00229,U1,67,2024-01-20T12:00:00+08:00,+08:00
E00230,U1,80,2024-01-20T12:00:00+08:00,+08:00
E00231,U2,93,2024-01-20T12:00:00+08:00,+08:00
E00232,U2,9,2024-01-20T12:00:00+08:00,+08:00
E00233,U3,22,2024-01-20T12:00:00+08:00,+08:00
E00234,U3,35,2024-01-20T12:00:00+08:00,+08:00
E00235,U4,48,2024-01-20T12:00:00+08:00,+08:00
E00236,U4,61,2024-01-20T12:00:00+08:00,+08:00
E00237,U5,74,2024-01-20T12:00:00+08:00,+08:00
E00238,U5,87,2024-01-20T12:00:00+08:00,+08:00
E00239,U6,3,2024-01-20T12:00:00+08:00,+08:00
E00240,U6,16,2024-01-20T12:00:00+08:00,+08:00
E00241,U1,29,2024-01-21T00:00:00+08:00,+08:00
E00242,U1,42,2024-01-21T00:00:00+08:00,+08:00
E00243,U2,55,2024-01-21T00:00:00+08:00,+08:00
E00244,U2,68,2024-01-21T00:00:00+08:00,+08:00
E00245,U3,81,2024-01-21T00:00:00+08:00,+08:00
E00246,U3,94,2024-01-21T00:00:00+08:00,+08:00
E00247,U4,10,2024-01-21T00:00:00+08:00,+08:00
E00248,U4,23,2024-01-21T00:00:00+08:00,+08:00
E00249,U5,36,2024-01-21T00:00:00+08:00,+08:00
E00250,U5,49,2024-01-21T00:00:00+08:00,+08:00
E00251,U6,62,2024-01-21T00:00:00+08:00,+08:00
E00252,U6,75,2024-01-21T00:00:00+08:00,+08:00
E00253,U1,88,2024-01-22T12:00:00+08:00,+08:00
E00254,U2,4,2024-01-22T12:00:00+08:00,+08:00
E00255,U3,17,2024-01-22T12:00:00+08:00,+08:00
E00256,U4,30,2024-01-22T12:00:00+08:00,+08:00
E00257,U5,43,2024-01-22T12:00:00+08:00,+08:00
E00258,U6,56,2024-01-22T12:00:00+08:00,+08:00
E00259,U1,69,2024-01-23T00:00:00+08:00,+08:00
E00260,U2,82,2024-01-23T00:00:00+08:00,+08:00
E00261,U3,95,2024-01-23T00:00:00+08:00,+08:00
E00262,U4,11,2024-01-23T00:00:00+08:00,+08:00
E00263,U5,24,2024-01-23T00:00:00+08:00,+08:00
E00264,U6,37,2024-01-23T00:00:00+08:00,+08:00
E00265,U1,50,2024-01-23T12:00:00+08:00,+08:00
E00266,U1,63,2024-01-23T12:00:00+08:00,+08:00
E00267,U2,76,2024-01-23T12:00:00+08:00,+08:00
E00268,U2,89,2024-01-23T12:00:00+08:00,+08:00
E00269,U3,5,2024-01-23T12:00:00+08:00,+08:00
E00270,U3,18,2024-01-23T12:00:00+08:00,+08:00
E00271,U4,31,2024-01-23T12:00:00+08:00,+08:00
E00272,U4,44,2024-01-23T12:00:00+08:00,+08:00
E00273,U5,57,2024-01-23T12:00:00+08:00,+08:00
E00274,U5,70,2024-01-23T12:00:00+08:00,+08:00
E00275,U6,83,2024-01-23T12:00:00+08:00,+08:00
E00276,U6,96,2024-01-23T12:00:00+08:00,+08:00
E00277,U1,12,2024-01-24T00:00:00+08:00,+08:00
E00278,U1,25,2024-01-24T00:00:00+08:00,+08:00
E00279,U2,38,2024-01-24T00:00:00+08:00,+08:00
E00280,U2,51,2024-01-24T00:00:00+08:00,+08:00
E00281,U3,64,2024-01-24T00:00:00+08:00,+08:00
E00282,U3,77,2024-01-24T00:00:00+08:00,+08:00
E00283,U4,90,2024-01-24T00:00:00+08:00,+08:00
E00284,U4,6,2024-01-24T00:00:00+08:00,+08:00
E00285,U5,19,2024-01-24T00:00:00+08:00,+08:00
E00286,U5,32,2024-01-24T00:00:00+08:00,+08:00
E00287,U6,45,2024-01-24T00:00:00+08:00,+08:00
E00288,U6,58,2024-01-24T00:00:00+08:00,+08:00
E00289,U1,71,2024-01-25T12:00:00+08:00,+08:00
E00290,U2,84,2024-01-25T12:00:00+08:00,+08:00
E00291,U3,0,2024-01-25T12:00:00+08:00,+08:00
E00292,U4,13,2024-01-25T12:00:00+08:00,+08:00
E00293,U5,26,2024-01-25T12:00:00+08:00,+08:00
E00294,U6,39,2024-01-25T12:00:00+08:00,+08:00
E00295,U1,52,2024-01-26T00:00:00+08:00,+08:00
E00296,U2,65,2024-01-26T00:00:00+08:00,+08:00
E00297,U3,78,2024-01-26T00:00:00+08:00,+08:00
E00298,U4,91,2024-01-26T00:00:00+08:00,+08:00
E00299,U5,7,2024-01-26T00:00:00+08:00,+08:00
E00300,U6,20,2024-01-26T00:00:00+08:00,+08:00
E00301,U1,33,2024-01-26T12:00:00+08:00,+08:00
E00302,U1,46,2024-01-26T12:00:00+08:00,+08:00
E00303,U2,59,2024-01-26T12:00:00+08:00,+08:00
E00304,U2,72,2024-01-26T12:00:00+08:00,+08:00
E00305,U3,85,2024-01-26T12:00:00+08:00,+08:00
E00306,U3,1,2024-01-26T12:00:00+08:00,+08:00
E00307,U4,14,2024-01-26T12:00:00+08:00,+08:00
E00308,U4,27,2024-01-26T12:00:00+08:00,+08:00
E00309,U5,40,2024-01-26T12:00:00+08:00,+08:00
E00310,U5,53,2024-01-26T12:00:00+08:00,+08:00
E00311,U6,66,2024-01-26T12:00:00+08:00,+08:00
E00312,U6,79,2024-01-26T12:00:00+08:00,+08:00
E00313,U1,92,2024-01-27T00:00:00+08:00,+08:00
E00314,U1,8,2024-01-27T00:00:00+08:00,+08:00
E00315,U2,21,2024-01-27T00:00:00+08:00,+08:00
E00316,U2,34,2024-01-27T00:00:00+08:00,+08:00
E00317,U3,47,2024-01-27T00:00:00+08:00,+08:00
E00318,U3,60,2024-01-27T00:00:00+08:00,+08:00
E00319,U4,73,2024-01-27T00:00:00+08:00,+08:00
E00320,U4,86,2024-01-27T00:00:00+08:00,+08:00
E00321,U5,2,2024-01-27T00:00:00+08:00,+08:00
E00322,U5,15,2024-01-27T00:00:00+08:00,+08:00
E00323,U6,28,2024-01-27T00:00:00+08:00,+08:00
E00324,U6,41,2024-01-27T00:00:00+08:00,+08:00
E00325,U1,54,2024-01-28T12:00:00+08:00,+08:00
E00326,U2,67,2024-01-28T12:00:00+08:00,+08:00
E00327,U3,80,2024-01-28T12:00:00+08:00,+08:00
E00328,U4,93,2024-01-28T12:00:00+08:00,+08:00
E00329,U5,9,2024-01-28T12:00:00+08:00,+08:00
E00330,U6,22,2024-01-28T12:00:00+08:00,+08:00
E00331,U1,35,2024-01-29T00:00:00+08:00,+08:00
E00332,U2,48,2024-01-29T00:00:00+08:00,+08:00
E00333,U3,61,2024-01-29T00:00:00+08:00,+08:00
E00334,U4,74,2024-01-29T00:00:00+08:00,+08:00
E00335,U5,87,2024-01-29T00:00:00+08:00,+08:00
E00336,U6,3,2024-01-29T00:00:00+08:00,+08:00
E00337,U1,16,2024-01-29T12:00:00+08:00,+08:00
E00338,U1,29,2024-01-29T12:00:00+08:00,+08:00
E00339,U2,42,2024-01-29T12:00:00+08:00,+08:00
E00340,U2,55,2024-01-29T12:00:00+08:00,+08:00
E00341,U3,68,2024-01-29T12:00:00+08:00,+08:00
E00342,U3,81,2024-01-29T12:00:00+08:00,+08:00
E00343,U4,94,2024-01-29T12:00:00+08:00,+08:00
E00344,U4,10,2024-01-29T12:00:00+08:00,+08:00
E00345,U5,23,2024-01-29T12:00:00+08:00,+08:00
E00346,U5,36,2024-01-29T12:00:00+08:00,+08:00
E00347,U6,49,2024-01-29T12:00:00+08:00,+08:00
E00348,U6,62,2024-01-29T12:00:00+08:00,+08:00
E00349,U1,75,2024-01-30T00:00:00+08:00,+08:00
E00350,U1,88,2024-01-30T00:00:00+08:00,+08:00
E00351,U2,4,2024-01-30T00:00:00+08:00,+08:00
E00352,U2,17,2024-01-30T00:00:00+08:00,+08:00
E00353,U3,30,2024-01-30T00:00:00+08:00,+08:00
E00354,U3,43,2024-01-30T00:00:00+08:00,+08:00
E00355,U4,56,2024-01-30T00:00:00+08:00,+08:00
E00356,U4,69,2024-01-30T00:00:00+08:00,+08:00
E00357,U5,82,2024-01-30T00:00:00+08:00,+08:00
E00358,U5,95,2024-01-30T00:00:00+08:00,+08:00
E00359,U6,11,2024-01-30T00:00:00+08:00,+08:00
E00360,U6,24,2024-01-30T00:00:00+08:00,+08:00
E00361,U1,37,2024-02-05T00:00:00+08:00,+08:00
E00362,U1,50,2024-02-05T00:00:00+08:00,+08:00
E00363,U2,63,2024-02-05T00:00:00+08:00,+08:00
E00364,U2,76,2024-02-05T00:00:00+08:00,+08:00
E00365,U3,89,2024-02-05T00:00:00+08:00,+08:00
E00366,U3,5,2024-02-05T00:00:00+08:00,+08:00
E00367,U4,18,2024-02-05T00:00:00+08:00,+08:00
E00368,U4,31,2024-02-05T00:00:00+08:00,+08:00
E00369,U5,44,2024-02-05T00:00:00+08:00,+08:00
E00370,U5,57,2024-02-05T00:00:00+08:00,+08:00
E00371,U6,70,2024-02-05T00:00:00+08:00,+08:00
E00372,U6,83,2024-02-05T00:00:00+08:00,+08:00
E00373,U1,96,2024-02-06T12:00:00+08:00,+08:00
E00374,U2,12,2024-02-06T12:00:00+08:00,+08:00
E00375,U3,25,2024-02-06T12:00:00+08:00,+08:00
E00376,U4,38,2024-02-06T12:00:00+08:00,+08:00
E00377,U5,51,2024-02-06T12:00:00+08:00,+08:00
E00378,U6,64,2024-02-06T12:00:00+08:00,+08:00
E00379,U1,77,2024-02-07T00:00:00+08:00,+08:00
E00380,U2,90,2024-02-07T00:00:00+08:00,+08:00
E00381,U3,6,2024-02-07T00:00:00+08:00,+08:00
E00382,U4,19,2024-02-07T00:00:00+08:00,+08:00
E00383,U5,32,2024-02-07T00:00:00+08:00,+08:00
E00384,U6,45,2024-02-07T00:00:00+08:00,+08:00
E00385,U1,58,2024-02-07T12:00:00+08:00,+08:00
E00386,U1,71,2024-02-07T12:00:00+08:00,+08:00
E00387,U2,84,2024-02-07T12:00:00+08:00,+08:00
E00388,U2,0,2024-02-07T12:00:00+08:00,+08:00
E00389,U3,13,2024-02-07T12:00:00+08:00,+08:00
E00390,U3,26,2024-02-07T12:00:00+08:00,+08:00
E00391,U4,39,2024-02-07T12:00:00+08:00,+08:00
E00392,U4,52,2024-02-07T12:00:00+08:00,+08:00
E00393,U5,65,2024-02-07T12:00:00+08:00,+08:00
E00394,U5,78,2024-02-07T12:00:00+08:00,+08:00
E00395,U6,91,2024-02-07T12:00:00+08:00,+08:00
E00396,U6,7,2024-02-07T12:00:00+08:00,+08:00
E00397,U1,20,2024-02-08T00:00:00+08:00,+08:00
E00398,U1,33,2024-02-08T00:00:00+08:00,+08:00
E00399,U2,46,2024-02-08T00:00:00+08:00,+08:00
E00400,U2,59,2024-02-08T00:00:00+08:00,+08:00
E00401,U3,72,2024-02-08T00:00:00+08:00,+08:00
E00402,U3,85,2024-02-08T00:00:00+08:00,+08:00
E00403,U4,1,2024-02-08T00:00:00+08:00,+08:00
E00404,U4,14,2024-02-08T00:00:00+08:00,+08:00
E00405,U5,27,2024-02-08T00:00:00+08:00,+08:00
E00406,U5,40,2024-02-08T00:00:00+08:00,+08:00
E00407,U6,53,2024-02-08T00:00:00+08:00,+08:00
E00408,U6,66,2024-02-08T00:00:00+08:00,+08:00
E00409,U1,79,2024-02-09T12:00:00+08:00,+08:00
E00410,U2,92,2024-02-09T12:00:00+08:00,+08:00
E00411,U3,8,2024-02-09T12:00:00+08:00,+08:00
E00412,U4,21,2024-02-09T12:00:00+08:00,+08:00
E00413,U5,34,2024-02-09T12:00:00+08:00,+08:00
E00414,U6,47,2024-02-09T12:00:00+08:00,+08:00
E00415,U1,60,2024-02-10T00:00:00+08:00,+08:00
E00416,U2,73,2024-02-10T00:00:00+08:00,+08:00
E00417,U3,86,2024-02-10T00:00:00+08:00,+08:00
E00418,U4,2,2024-02-10T00:00:00+08:00,+08:00
E00419,U5,15,2024-02-10T00:00:00+08:00,+08:00
E00420,U6,28,2024-02-10T00:00:00+08:00,+08:00
E00421,U1,41,2024-02-10T12:00:00+08:00,+08:00
E00422,U1,54,2024-02-10T12:00:00+08:00,+08:00
E00423,U2,67,2024-02-10T12:00:00+08:00,+08:00
E00424,U2,80,2024-02-10T12:00:00+08:00,+08:00
E00425,U3,93,2024-02-10T12:00:00+08:00,+08:00
E00426,U3,9,2024-02-10T12:00:00+08:00,+08:00
E00427,U4,22,2024-02-10T12:00:00+08:00,+08:00
E00428,U4,35,2024-02-10T12:00:00+08:00,+08:00
E00429,U5,48,2024-02-10T12:00:00+08:00,+08:00
E00430,U5,61,2024-02-10T12:00:00+08:00,+08:00
E00431,U6,74,2024-02-10T12:00:00+08:00,+08:00
E00432,U6,87,2024-02-10T12:00:00+08:00,+08:00
E00433,U1,3,2024-02-11T00:00:00+08:00,+08:00
E00434,U1,16,2024-02-11T00:00:00+08:00,+08:00
E00435,U2,29,2024-02-11T00:00:00+08:00,+08:00
E00436,U2,42,2024-02-11T00:00:00+08:00,+08:00
E00437,U3,55,2024-02-11T00:00:00+08:00,+08:00
E00438,U3,68,2024-02-11T00:00:00+08:00,+08:00
E00439,U4,81,2024-02-11T00:00:00+08:00,+08:00
E00440,U4,94,2024-02-11T00:00:00+08:00,+08:00
E00441,U5,10,2024-02-11T00:00:00+08:00,+08:00
E00442,U5,23,2024-02-11T00:00:00+08:00,+08:00
E00443,U6,36,2024-02-11T00:00:00+08:00,+08:00
E00444,U6,49,2024-02-11T00:00:00+08:00,+08:00
E00445,U1,62,2024-02-12T12:00:00+08:00,+08:00
E00446,U2,75,2024-02-12T12:00:00+08:00,+08:00
E00447,U3,88,2024-02-12T12:00:00+08:00,+08:00
E00448,U4,4,2024-02-12T12:00:00+08:00,+08:00
E00449,U5,17,2024-02-12T12:00:00+08:00,+08:00
E00450,U6,30,2024-02-12T12:00:00+08:00,+08:00
E00451,U1,43,2024-02-13T00:00:00+08:00,+08:00
E00452,U2,56,2024-02-13T00:00:00+08:00,+08:00
E00453,U3,69,2024-02-13T00:00:00+08:00,+08:00
E00454,U4,82,2024-02-13T00:00:00+08:00,+08:00
E00455,U5,95,2024-02-13T00:00:00+08:00,+08:00
E00456,U6,11,2024-02-13T00:00:00+08:00,+08:00
E00457,U1,24,2024-02-13T12:00:00+08:00,+08:00
E00458,U1,37,2024-02-13T12:00:00+08:00,+08:00
E00459,U2,50,2024-02-13T12:00:00+08:00,+08:00
E00460,U2,63,2024-02-13T12:00:00+08:00,+08:00
E00461,U3,76,2024-02-13T12:00:00+08:00,+08:00
E00462,U3,89,2024-02-13T12:00:00+08:00,+08:00
E00463,U4,5,2024-02-13T12:00:00+08:00,+08:00
E00464,U4,18,2024-02-13T12:00:00+08:00,+08:00
E00465,U5,31,2024-02-13T12:00:00+08:00,+08:00
E00466,U5,44,2024-02-13T12:00:00+08:00,+08:00
E00467,U6,57,2024-02-13T12:00:00+08:00,+08:00
E00468,U6,70,2024-02-13T12:00:00+08:00,+08:00
E00469,U1,83,2024-02-14T00:00:00+08:00,+08:00
E00470,U1,96,2024-02-14T00:00:00+08:00,+08:00
E00471,U2,12,2024-02-14T00:00:00+08:00,+08:00
E00472,U2,25,2024-02-14T00:00:00+08:00,+08:00
E00473,U3,38,2024-02-14T00:00:00+08:00,+08:00
E00474,U3,51,2024-02-14T00:00:00+08:00,+08:00
E00475,U4,64,2024-02-14T00:00:00+08:00,+08:00
E00476,U4,77,2024-02-14T00:00:00+08:00,+08:00
E00477,U5,90,2024-02-14T00:00:00+08:00,+08:00
E00478,U5,6,2024-02-14T00:00:00+08:00,+08:00
E00479,U6,19,2024-02-14T00:00:00+08:00,+08:00
E00480,U6,32,2024-02-14T00:00:00+08:00,+08:00
E00481,U1,45,2024-02-15T12:00:00+08:00,+08:00
E00482,U2,58,2024-02-15T12:00:00+08:00,+08:00
E00483,U3,71,2024-02-15T12:00:00+08:00,+08:00
E00484,U4,84,2024-02-15T12:00:00+08:00,+08:00
E00485,U5,0,2024-02-15T12:00:00+08:00,+08:00
E00486,U6,13,2024-02-15T12:00:00+08:00,+08:00
E00487,U1,26,2024-02-16T00:00:00+08:00,+08:00
E00488,U2,39,2024-02-16T00:00:00+08:00,+08:00
E00489,U3,52,2024-02-16T00:00:00+08:00,+08:00
E00490,U4,65,2024-02-16T00:00:00+08:00,+08:00
E00491,U5,78,2024-02-16T00:00:00+08:00,+08:00
E00492,U6,91,2024-02-16T00:00:00+08:00,+08:00
E00493,U1,7,2024-02-16T12:00:00+08:00,+08:00
E00494,U1,20,2024-02-16T12:00:00+08:00,+08:00
E00495,U2,33,2024-02-16T12:00:00+08:00,+08:00
E00496,U2,46,2024-02-16T12:00:00+08:00,+08:00
E00497,U3,59,2024-02-16T12:00:00+08:00,+08:00
E00498,U3,72,2024-02-16T12:00:00+08:00,+08:00
E00499,U4,85,2024-02-16T12:00:00+08:00,+08:00
E00500,U4,1,2024-02-16T12:00:00+08:00,+08:00
E00501,U5,14,2024-02-16T12:00:00+08:00,+08:00
E00502,U5,27,2024-02-16T12:00:00+08:00,+08:00
E00503,U6,40,2024-02-16T12:00:00+08:00,+08:00
E00504,U6,53,2024-02-16T12:00:00+08:00,+08:00
E00505,U1,66,2024-02-17T00:00:00+08:00,+08:00
E00506,U1,79,2024-02-17T00:00:00+08:00,+08:00
E00507,U2,92,2024-02-17T00:00:00+08:00,+08:00
E00508,U2,8,2024-02-17T00:00:00+08:00,+08:00
E00509,U3,21,2024-02-17T00:00:00+08:00,+08:00
E00510,U3,34,2024-02-17T00:00:00+08:00,+08:00
E00511,U4,47,2024-02-17T00:00:00+08:00,+08:00
E00512,U4,60,2024-02-17T00:00:00+08:00,+08:00
E00513,U5,73,2024-02-17T00:00:00+08:00,+08:00
E00514,U5,86,2024-02-17T00:00:00+08:00,+08:00
E00515,U6,2,2024-02-17T00:00:00+08:00,+08:00
E00516,U6,15,2024-02-17T00:00:00+08:00,+08:00
E00517,U1,28,2024-02-18T12:00:00+08:00,+08:00
E00518,U2,41,2024-02-18T12:00:00+08:00,+08:00
E00519,U3,54,2024-02-18T12:00:00+08:00,+08:00
E00520,U4,67,2024-02-18T12:00:00+08:00,+08:00
E00521,U5,80,2024-02-18T12:00:00+08:00,+08:00
E00522,U6,93,2024-02-18T12:00:00+08:00,+08:00
E00523,U1,9,2024-02-19T00:00:00+08:00,+08:00
E00524,U2,22,2024-02-19T00:00:00+08:00,+08:00
E00525,U3,35,2024-02-19T00:00:00+08:00,+08:00
E00526,U4,48,2024-02-19T00:00:00+08:00,+08:00
E00527,U5,61,2024-02-19T00:00:00+08:00,+08:00
E00528,U6,74,2024-02-19T00:00:00+08:00,+08:00
E00529,U1,87,2024-02-19T12:00:00+08:00,+08:00
E00530,U1,3,2024-02-19T12:00:00+08:00,+08:00
E00531,U2,16,2024-02-19T12:00:00+08:00,+08:00
E00532,U2,29,2024-02-19T12:00:00+08:00,+08:00
E00533,U3,42,2024-02-19T12:00:00+08:00,+08:00
E00534,U3,55,2024-02-19T12:00:00+08:00,+08:00
E00535,U4,68,2024-02-19T12:00:00+08:00,+08:00
E00536,U4,81,2024-02-19T12:00:00+08:00,+08:00
E00537,U5,94,2024-02-19T12:00:00+08:00,+08:00
E00538,U5,10,2024-02-19T12:00:00+08:00,+08:00
E00539,U6,23,2024-02-19T12:00:00+08:00,+08:00
E00540,U6,36,2024-02-19T12:00:00+08:00,+08:00
E00541,U1,49,2024-02-20T00:00:00+08:00,+08:00
E00542,U1,62,2024-02-20T00:00:00+08:00,+08:00
E00543,U2,75,2024-02-20T00:00:00+08:00,+08:00
E00544,U2,88,2024-02-20T00:00:00+08:00,+08:00
E00545,U3,4,2024-02-20T00:00:00+08:00,+08:00
E00546,U3,17,2024-02-20T00:00:00+08:00,+08:00
E00547,U4,30,2024-02-20T00:00:00+08:00,+08:00
E00548,U4,43,2024-02-20T00:00:00+08:00,+08:00
E00549,U5,56,2024-02-20T00:00:00+08:00,+08:00
E00550,U5,69,2024-02-20T00:00:00+08:00,+08:00
E00551,U6,82,2024-02-20T00:00:00+08:00,+08:00
E00552,U6,95,2024-02-20T00:00:00+08:00,+08:00
E00553,U1,11,2024-02-21T12:00:00+08:00,+08:00
E00554,U2,24,2024-02-21T12:00:00+08:00,+08:00
E00555,U3,37,2024-02-21T12:00:00+08:00,+08:00
E00556,U4,50,2024-02-21T12:00:00+08:00,+08:00
E00557,U5,63,2024-02-21T12:00:00+08:00,+08:00
E00558,U6,76,2024-02-21T12:00:00+08:00,+08:00
E00559,U1,89,2024-02-22T00:00:00+08:00,+08:00
E00560,U2,5,2024-02-22T00:00:00+08:00,+08:00
E00561,U3,18,2024-02-22T00:00:00+08:00,+08:00
E00562,U4,31,2024-02-22T00:00:00+08:00,+08:00
E00563,U5,44,2024-02-22T00:00:00+08:00,+08:00
E00564,U6,57,2024-02-22T00:00:00+08:00,+08:00
E00565,U1,70,2024-02-22T12:00:00+08:00,+08:00
E00566,U1,83,2024-02-22T12:00:00+08:00,+08:00
E00567,U2,96,2024-02-22T12:00:00+08:00,+08:00
E00568,U2,12,2024-02-22T12:00:00+08:00,+08:00
E00569,U3,25,2024-02-22T12:00:00+08:00,+08:00
E00570,U3,38,2024-02-22T12:00:00+08:00,+08:00
E00571,U4,51,2024-02-22T12:00:00+08:00,+08:00
E00572,U4,64,2024-02-22T12:00:00+08:00,+08:00
E00573,U5,77,2024-02-22T12:00:00+08:00,+08:00
E00574,U5,90,2024-02-22T12:00:00+08:00,+08:00
E00575,U6,6,2024-02-22T12:00:00+08:00,+08:00
E00576,U6,19,2024-02-22T12:00:00+08:00,+08:00
E00577,U1,32,2024-02-23T00:00:00+08:00,+08:00
E00578,U1,45,2024-02-23T00:00:00+08:00,+08:00
E00579,U2,58,2024-02-23T00:00:00+08:00,+08:00
E00580,U2,71,2024-02-23T00:00:00+08:00,+08:00
E00581,U3,84,2024-02-23T00:00:00+08:00,+08:00
E00582,U3,0,2024-02-23T00:00:00+08:00,+08:00
E00583,U4,13,2024-02-23T00:00:00+08:00,+08:00
E00584,U4,26,2024-02-23T00:00:00+08:00,+08:00
E00585,U5,39,2024-02-23T00:00:00+08:00,+08:00
E00586,U5,52,2024-02-23T00:00:00+08:00,+08:00
E00587,U6,65,2024-02-23T00:00:00+08:00,+08:00
E00588,U6,78,2024-02-23T00:00:00+08:00,+08:00
E00589,U1,91,2024-02-24T12:00:00+08:00,+08:00
E00590,U2,7,2024-02-24T12:00:00+08:00,+08:00
E00591,U3,20,2024-02-24T12:00:00+08:00,+08:00
E00592,U4,33,2024-02-24T12:00:00+08:00,+08:00
E00593,U5,46,2024-02-24T12:00:00+08:00,+08:00
E00594,U6,59,2024-02-24T12:00:00+08:00,+08:00
E00595,U1,72,2024-02-25T00:00:00+08:00,+08:00
E00596,U2,85,2024-02-25T00:00:00+08:00,+08:00
E00597,U3,1,2024-02-25T00:00:00+08:00,+08:00
E00598,U4,14,2024-02-25T00:00:00+08:00,+08:00
E00599,U5,27,2024-02-25T00:00:00+08:00,+08:00
E00600,U6,40,2024-02-25T00:00:00+08:00,+08:00
E00601,U1,53,2024-02-25T12:00:00+08:00,+08:00
E00602,U1,66,2024-02-25T12:00:00+08:00,+08:00
E00603,U2,79,2024-02-25T12:00:00+08:00,+08:00
E00604,U2,92,2024-02-25T12:00:00+08:00,+08:00
E00605,U3,8,2024-02-25T12:00:00+08:00,+08:00
E00606,U3,21,2024-02-25T12:00:00+08:00,+08:00
E00607,U4,34,2024-02-25T12:00:00+08:00,+08:00
E00608,U4,47,2024-02-25T12:00:00+08:00,+08:00
E00609,U5,60,2024-02-25T12:00:00+08:00,+08:00
E00610,U5,73,2024-02-25T12:00:00+08:00,+08:00
E00611,U6,86,2024-02-25T12:00:00+08:00,+08:00
E00612,U6,2,2024-02-25T12:00:00+08:00,+08:00
E00613,U1,15,2024-02-26T00:00:00+08:00,+08:00
E00614,U1,28,2024-02-26T00:00:00+08:00,+08:00
E00615,U2,41,2024-02-26T00:00:00+08:00,+08:00
E00616,U2,54,2024-02-26T00:00:00+08:00,+08:00
E00617,U3,67,2024-02-26T00:00:00+08:00,+08:00
E00618,U3,80,2024-02-26T00:00:00+08:00,+08:00
E00619,U4,93,2024-02-26T00:00:00+08:00,+08:00
E00620,U4,9,2024-02-26T00:00:00+08:00,+08:00
E00621,U5,22,2024-02-26T00:00:00+08:00,+08:00
E00622,U5,35,2024-02-26T00:00:00+08:00,+08:00
E00623,U6,48,2024-02-26T00:00:00+08:00,+08:00
E00624,U6,61,2024-02-26T00:00:00+08:00,+08:00
E00625,U1,74,2024-02-27T12:00:00+08:00,+08:00
E00626,U2,87,2024-02-27T12:00:00+08:00,+08:00
E00627,U3,3,2024-02-27T12:00:00+08:00,+08:00
E00628,U4,16,2024-02-27T12:00:00+08:00,+08:00
E00629,U5,29,2024-02-27T12:00:00+08:00,+08:00
E00630,U6,42,2024-02-27T12:00:00+08:00,+08:00
E00631,U1,55,2024-02-28T00:00:00+08:00,+08:00
E00632,U2,68,2024-02-28T00:00:00+08:00,+08:00
E00633,U3,81,2024-02-28T00:00:00+08:00,+08:00
E00634,U4,94,2024-02-28T00:00:00+08:00,+08:00
E00635,U5,10,2024-02-28T00:00:00+08:00,+08:00
E00636,U6,23,2024-02-28T00:00:00+08:00,+08:00
E00637,U1,36,2024-02-28T12:00:00+08:00,+08:00
E00638,U1,49,2024-02-28T12:00:00+08:00,+08:00
E00639,U2,62,2024-02-28T12:00:00+08:00,+08:00
E00640,U2,75,2024-02-28T12:00:00+08:00,+08:00
E00641,U3,88,2024-02-28T12:00:00+08:00,+08:00
E00642,U3,4,2024-02-28T12:00:00+08:00,+08:00
E00643,U4,17,2024-02-28T12:00:00+08:00,+08:00
E00644,U4,30,2024-02-28T12:00:00+08:00,+08:00
E00645,U5,43,2024-02-28T12:00:00+08:00,+08:00
E00646,U5,56,2024-02-28T12:00:00+08:00,+08:00
E00647,U6,69,2024-02-28T12:00:00+08:00,+08:00
E00648,U6,82,2024-02-28T12:00:00+08:00,+08:00
E00649,U1,95,2024-02-29T00:00:00+08:00,+08:00
E00650,U1,11,2024-02-29T00:00:00+08:00,+08:00
E00651,U2,24,2024-02-29T00:00:00+08:00,+08:00
E00652,U2,37,2024-02-29T00:00:00+08:00,+08:00
E00653,U3,50,2024-02-29T00:00:00+08:00,+08:00
E00654,U3,63,2024-02-29T00:00:00+08:00,+08:00
E00655,U4,76,2024-02-29T00:00:00+08:00,+08:00
E00656,U4,89,2024-02-29T00:00:00+08:00,+08:00
E00657,U5,5,2024-02-29T00:00:00+08:00,+08:00
E00658,U5,18,2024-02-29T00:00:00+08:00,+08:00
E00659,U6,31,2024-02-29T00:00:00+08:00,+08:00
E00660,U6,44,2024-02-29T00:00:00+08:00,+08:00
E00661,U1,57,2024-03-01T12:00:00+08:00,+08:00
E00662,U2,70,2024-03-01T12:00:00+08:00,+08:00
E00663,U3,83,2024-03-01T12:00:00+08:00,+08:00
E00664,U4,96,2024-03-01T12:00:00+08:00,+08:00
E00665,U5,12,2024-03-01T12:00:00+08:00,+08:00
E00666,U6,25,2024-03-01T12:00:00+08:00,+08:00
E00667,U1,38,2024-03-02T00:00:00+08:00,+08:00
E00668,U2,51,2024-03-02T00:00:00+08:00,+08:00
E00669,U3,64,2024-03-02T00:00:00+08:00,+08:00
E00670,U4,77,2024-03-02T00:00:00+08:00,+08:00
E00671,U5,90,2024-03-02T00:00:00+08:00,+08:00
E00672,U6,6,2024-03-02T00:00:00+08:00,+08:00
E00673,U1,19,2024-03-02T12:00:00+08:00,+08:00
E00674,U1,32,2024-03-02T12:00:00+08:00,+08:00
E00675,U2,45,2024-03-02T12:00:00+08:00,+08:00
E00676,U2,58,2024-03-02T12:00:00+08:00,+08:00
E00677,U3,71,2024-03-02T12:00:00+08:00,+08:00
E00678,U3,84,2024-03-02T12:00:00+08:00,+08:00
E00679,U4,0,2024-03-02T12:00:00+08:00,+08:00
E00680,U4,13,2024-03-02T12:00:00+08:00,+08:00
E00681,U5,26,2024-03-02T12:00:00+08:00,+08:00
E00682,U5,39,2024-03-02T12:00:00+08:00,+08:00
E00683,U6,52,2024-03-02T12:00:00+08:00,+08:00
E00684,U6,65,2024-03-02T12:00:00+08:00,+08:00
E00685,U1,78,2024-03-03T00:00:00+08:00,+08:00
E00686,U1,91,2024-03-03T00:00:00+08:00,+08:00
E00687,U2,7,2024-03-03T00:00:00+08:00,+08:00
E00688,U2,20,2024-03-03T00:00:00+08:00,+08:00
E00689,U3,33,2024-03-03T00:00:00+08:00,+08:00
E00690,U3,46,2024-03-03T00:00:00+08:00,+08:00
E00691,U4,59,2024-03-03T00:00:00+08:00,+08:00
E00692,U4,72,2024-03-03T00:00:00+08:00,+08:00
E00693,U5,85,2024-03-03T00:00:00+08:00,+08:00
E00694,U5,1,2024-03-03T00:00:00+08:00,+08:00
E00695,U6,14,2024-03-03T00:00:00+08:00,+08:00
E00696,U6,27,2024-03-03T00:00:00+08:00,+08:00
E00697,U1,40,2024-03-04T12:00:00+08:00,+08:00
E00698,U2,53,2024-03-04T12:00:00+08:00,+08:00
E00699,U3,66,2024-03-04T12:00:00+08:00,+08:00
E00700,U4,79,2024-03-04T12:00:00+08:00,+08:00
E00701,U5,92,2024-03-04T12:00:00+08:00,+08:00
E00702,U6,8,2024-03-04T12:00:00+08:00,+08:00
E00703,U1,21,2024-03-05T00:00:00+08:00,+08:00
E00704,U2,34,2024-03-05T00:00:00+08:00,+08:00
E00705,U3,47,2024-03-05T00:00:00+08:00,+08:00
E00706,U4,60,2024-03-05T00:00:00+08:00,+08:00
E00707,U5,73,2024-03-05T00:00:00+08:00,+08:00
E00708,U6,86,2024-03-05T00:00:00+08:00,+08:00
E00709,U1,2,2024-03-05T12:00:00+08:00,+08:00
E00710,U1,15,2024-03-05T12:00:00+08:00,+08:00
E00711,U2,28,2024-03-05T12:00:00+08:00,+08:00
E00712,U2,41,2024-03-05T12:00:00+08:00,+08:00
E00713,U3,54,2024-03-05T12:00:00+08:00,+08:00
E00714,U3,67,2024-03-05T12:00:00+08:00,+08:00
E00715,U4,80,2024-03-05T12:00:00+08:00,+08:00
E00716,U4,93,2024-03-05T12:00:00+08:00,+08:00
E00717,U5,9,2024-03-05T12:00:00+08:00,+08:00
E00718,U5,22,2024-03-05T12:00:00+08:00,+08:00
E00719,U6,35,2024-03-05T12:00:00+08:00,+08:00
E00720,U6,48,2024-03-05T12:00:00+08:00,+08:00
E00721,U1,61,2024-03-06T00:00:00+08:00,+08:00
E00722,U1,74,2024-03-06T00:00:00+08:00,+08:00
E00723,U2,87,2024-03-06T00:00:00+08:00,+08:00
E00724,U2,3,2024-03-06T00:00:00+08:00,+08:00
E00725,U3,16,2024-03-06T00:00:00+08:00,+08:00
E00726,U3,29,2024-03-06T00:00:00+08:00,+08:00
E00727,U4,42,2024-03-06T00:00:00+08:00,+08:00
E00728,U4,55,2024-03-06T00:00:00+08:00,+08:00
E00729,U5,68,2024-03-06T00:00:00+08:00,+08:00
E00730,U5,81,2024-03-06T00:00:00+08:00,+08:00
E00731,U6,94,2024-03-06T00:00:00+08:00,+08:00
E00732,U6,10,2024-03-06T00:00:00+08:00,+08:00
E00733,U1,23,2024-03-07T12:00:00+08:00,+08:00
E00734,U2,36,2024-03-07T12:00:00+08:00,+08:00
E00735,U3,49,2024-03-07T12:00:00+08:00,+08:00
E00736,U4,62,2024-03-07T12:00:00+08:00,+08:00
E00737,U5,75,2024-03-07T12:00:00+08:00,+08:00
E00738,U6,88,2024-03-07T12:00:00+08:00,+08:00
E00739,U1,4,2024-03-08T00:00:00+08:00,+08:00
E00740,U2,17,2024-03-08T00:00:00+08:00,+08:00
E00741,U3,30,2024-03-08T00:00:00+08:00,+08:00
E00742,U4,43,2024-03-08T00:00:00+08:00,+08:00
E00743,U5,56,2024-03-08T00:00:00+08:00,+08:00
E00744,U6,69,2024-03-08T00:00:00+08:00,+08:00
E00745,U1,82,2024-03-08T12:00:00+08:00,+08:00
E00746,U1,95,2024-03-08T12:00:00+08:00,+08:00
E00747,U2,11,2024-03-08T12:00:00+08:00,+08:00
E00748,U2,24,2024-03-08T12:00:00+08:00,+08:00
E00749,U3,37,2024-03-08T12:00:00+08:00,+08:00
E00750,U3,50,2024-03-08T12:00:00+08:00,+08:00
E00751,U4,63,2024-03-08T12:00:00+08:00,+08:00
E00752,U4,76,2024-03-08T12:00:00+08:00,+08:00
E00753,U5,89,2024-03-08T12:00:00+08:00,+08:00
E00754,U5,5,2024-03-08T12:00:00+08:00,+08:00
E00755,U6,18,2024-03-08T12:00:00+08:00,+08:00
E00756,U6,31,2024-03-08T12:00:00+08:00,+08:00
E00757,U1,44,2024-03-09T00:00:00+08:00,+08:00
E00758,U1,57,2024-03-09T00:00:00+08:00,+08:00
E00759,U2,70,2024-03-09T00:00:00+08:00,+08:00
E00760,U2,83,2024-03-09T00:00:00+08:00,+08:00
E00761,U3,96,2024-03-09T00:00:00+08:00,+08:00
E00762,U3,12,2024-03-09T00:00:00+08:00,+08:00
E00763,U4,25,2024-03-09T00:00:00+08:00,+08:00
E00764,U4,38,2024-03-09T00:00:00+08:00,+08:00
E00765,U5,51,2024-03-09T00:00:00+08:00,+08:00
E00766,U5,64,2024-03-09T00:00:00+08:00,+08:00
E00767,U6,77,2024-03-09T00:00:00+08:00,+08:00
E00768,U6,90,2024-03-09T00:00:00+08:00,+08:00
E00769,U1,6,2024-03-10T12:00:00+08:00,+08:00
E00770,U2,19,2024-03-10T12:00:00+08:00,+08:00
E00771,U3,32,2024-03-10T12:00:00+08:00,+08:00
E00772,U4,45,2024-03-10T12:00:00+08:00,+08:00
E00773,U5,58,2024-03-10T12:00:00+08:00,+08:00
E00774,U6,71,2024-03-10T12:00:00+08:00,+08:00
E00775,U1,84,2024-03-11T00:00:00+08:00,+08:00
E00776,U2,0,2024-03-11T00:00:00+08:00,+08:00
E00777,U3,13,2024-03-11T00:00:00+08:00,+08:00
E00778,U4,26,2024-03-11T00:00:00+08:00,+08:00
E00779,U5,39,2024-03-11T00:00:00+08:00,+08:00
E00780,U6,52,2024-03-11T00:00:00+08:00,+08:00
E00781,U1,65,2024-03-11T12:00:00+08:00,+08:00
E00782,U1,78,2024-03-11T12:00:00+08:00,+08:00
E00783,U2,91,2024-03-11T12:00:00+08:00,+08:00
E00784,U2,7,2024-03-11T12:00:00+08:00,+08:00
E00785,U3,20,2024-03-11T12:00:00+08:00,+08:00
E00786,U3,33,2024-03-11T12:00:00+08:00,+08:00
E00787,U4,46,2024-03-11T12:00:00+08:00,+08:00
E00788,U4,59,2024-03-11T12:00:00+08:00,+08:00
E00789,U5,72,2024-03-11T12:00:00+08:00,+08:00
E00790,U5,85,2024-03-11T12:00:00+08:00,+08:00
E00791,U6,1,2024-03-11T12:00:00+08:00,+08:00
E00792,U6,14,2024-03-11T12:00:00+08:00,+08:00
E00793,U1,27,2024-03-12T00:00:00+08:00,+08:00
E00794,U1,40,2024-03-12T00:00:00+08:00,+08:00
E00795,U2,53,2024-03-12T00:00:00+08:00,+08:00
E00796,U2,66,2024-03-12T00:00:00+08:00,+08:00
E00797,U3,79,2024-03-12T00:00:00+08:00,+08:00
E00798,U3,92,2024-03-12T00:00:00+08:00,+08:00
E00799,U4,8,2024-03-12T00:00:00+08:00,+08:00
E00800,U4,21,2024-03-12T00:00:00+08:00,+08:00
E00801,U5,34,2024-03-12T00:00:00+08:00,+08:00
E00802,U5,47,2024-03-12T00:00:00+08:00,+08:00
E00803,U6,60,2024-03-12T00:00:00+08:00,+08:00
E00804,U6,73,2024-03-12T00:00:00+08:00,+08:00
E00805,U1,86,2024-03-13T12:00:00+08:00,+08:00
E00806,U2,2,2024-03-13T12:00:00+08:00,+08:00
E00807,U3,15,2024-03-13T12:00:00+08:00,+08:00
E00808,U4,28,2024-03-13T12:00:00+08:00,+08:00
E00809,U5,41,2024-03-13T12:00:00+08:00,+08:00
E00810,U6,54,2024-03-13T12:00:00+08:00,+08:00
E00811,U1,67,2024-03-14T00:00:00+08:00,+08:00
E00812,U2,80,2024-03-14T00:00:00+08:00,+08:00
E00813,U3,93,2024-03-14T00:00:00+08:00,+08:00
E00814,U4,9,2024-03-14T00:00:00+08:00,+08:00
E00815,U5,22,2024-03-14T00:00:00+08:00,+08:00
E00816,U6,35,2024-03-14T00:00:00+08:00,+08:00
E00817,U1,48,2024-03-14T12:00:00+08:00,+08:00
E00818,U1,61,2024-03-14T12:00:00+08:00,+08:00
E00819,U2,74,2024-03-14T12:00:00+08:00,+08:00
E00820,U2,87,2024-03-14T12:00:00+08:00,+08:00
E00821,U3,3,2024-03-14T12:00:00+08:00,+08:00
E00822,U3,16,2024-03-14T12:00:00+08:00,+08:00
E00823,U4,29,2024-03-14T12:00:00+08:00,+08:00
E00824,U4,42,2024-03-14T12:00:00+08:00,+08:00
E00825,U5,55,2024-03-14T12:00:00+08:00,+08:00
E00826,U5,68,2024-03-14T12:00:00+08:00,+08:00
E00827,U6,81,2024-03-14T12:00:00+08:00,+08:00
E00828,U6,94,2024-03-14T12:00:00+08:00,+08:00
E00829,U1,10,2024-03-15T00:00:00+08:00,+08:00
E00830,U1,23,2024-03-15T00:00:00+08:00,+08:00
E00831,U2,36,2024-03-15T00:00:00+08:00,+08:00
E00832,U2,49,2024-03-15T00:00:00+08:00,+08:00
E00833,U3,62,2024-03-15T00:00:00+08:00,+08:00
E00834,U3,75,2024-03-15T00:00:00+08:00,+08:00
E00835,U4,88,2024-03-15T00:00:00+08:00,+08:00
E00836,U4,4,2024-03-15T00:00:00+08:00,+08:00
E00837,U5,17,2024-03-15T00:00:00+08:00,+08:00
E00838,U5,30,2024-03-15T00:00:00+08:00,+08:00
E00839,U6,43,2024-03-15T00:00:00+08:00,+08:00
E00840,U6,56,2024-03-15T00:00:00+08:00,+08:00
E00841,U1,69,2024-03-16T12:00:00+08:00,+08:00
E00842,U2,82,2024-03-16T12:00:00+08:00,+08:00
E00843,U3,95,2024-03-16T12:00:00+08:00,+08:00
E00844,U4,11,2024-03-16T12:00:00+08:00,+08:00
E00845,U5,24,2024-03-16T12:00:00+08:00,+08:00
E00846,U6,37,2024-03-16T12:00:00+08:00,+08:00
E00847,U1,50,2024-03-17T00:00:00+08:00,+08:00
E00848,U2,63,2024-03-17T00:00:00+08:00,+08:00
E00849,U3,76,2024-03-17T00:00:00+08:00,+08:00
E00850,U4,89,2024-03-17T00:00:00+08:00,+08:00
E00851,U5,5,2024-03-17T00:00:00+08:00,+08:00
E00852,U6,18,2024-03-17T00:00:00+08:00,+08:00
E00853,U1,31,2024-03-17T12:00:00+08:00,+08:00
E00854,U1,44,2024-03-17T12:00:00+08:00,+08:00
E00855,U2,57,2024-03-17T12:00:00+08:00,+08:00
E00856,U2,70,2024-03-17T12:00:00+08:00,+08:00
E00857,U3,83,2024-03-17T12:00:00+08:00,+08:00
E00858,U3,96,2024-03-17T12:00:00+08:00,+08:00
E00859,U4,12,2024-03-17T12:00:00+08:00,+08:00
E00860,U4,25,2024-03-17T12:00:00+08:00,+08:00
E00861,U5,38,2024-03-17T12:00:00+08:00,+08:00
E00862,U5,51,2024-03-17T12:00:00+08:00,+08:00
E00863,U6,64,2024-03-17T12:00:00+08:00,+08:00
E00864,U6,77,2024-03-17T12:00:00+08:00,+08:00
E00865,U1,90,2024-03-18T00:00:00+08:00,+08:00
E00866,U1,6,2024-03-18T00:00:00+08:00,+08:00
E00867,U2,19,2024-03-18T00:00:00+08:00,+08:00
E00868,U2,32,2024-03-18T00:00:00+08:00,+08:00
E00869,U3,45,2024-03-18T00:00:00+08:00,+08:00
E00870,U3,58,2024-03-18T00:00:00+08:00,+08:00
E00871,U4,71,2024-03-18T00:00:00+08:00,+08:00
E00872,U4,84,2024-03-18T00:00:00+08:00,+08:00
E00873,U5,0,2024-03-18T00:00:00+08:00,+08:00
E00874,U5,13,2024-03-18T00:00:00+08:00,+08:00
E00875,U6,26,2024-03-18T00:00:00+08:00,+08:00
E00876,U6,39,2024-03-18T00:00:00+08:00,+08:00
E00877,U1,52,2024-03-19T12:00:00+08:00,+08:00
E00878,U2,65,2024-03-19T12:00:00+08:00,+08:00
E00879,U3,78,2024-03-19T12:00:00+08:00,+08:00
E00880,U4,91,2024-03-19T12:00:00+08:00,+08:00
E00881,U5,7,2024-03-19T12:00:00+08:00,+08:00
E00882,U6,20,2024-03-19T12:00:00+08:00,+08:00
E00883,U1,33,2024-03-20T00:00:00+08:00,+08:00
E00884,U2,46,2024-03-20T00:00:00+08:00,+08:00
E00885,U3,59,2024-03-20T00:00:00+08:00,+08:00
E00886,U4,72,2024-03-20T00:00:00+08:00,+08:00
E00887,U5,85,2024-03-20T00:00:00+08:00,+08:00
E00888,U6,1,2024-03-20T00:00:00+08:00,+08:00
E00889,U1,14,2024-03-20T12:00:00+08:00,+08:00
E00890,U1,27,2024-03-20T12:00:00+08:00,+08:00
E00891,U2,40,2024-03-20T12:00:00+08:00,+08:00
E00892,U2,53,2024-03-20T12:00:00+08:00,+08:00
E00893,U3,66,2024-03-20T12:00:00+08:00,+08:00
E00894,U3,79,2024-03-20T12:00:00+08:00,+08:00
E00895,U4,92,2024-03-20T12:00:00+08:00,+08:00
E00896,U4,8,2024-03-20T12:00:00+08:00,+08:00
E00897,U5,21,2024-03-20T12:00:00+08:00,+08:00
E00898,U5,34,2024-03-20T12:00:00+08:00,+08:00
E00899,U6,47,2024-03-20T12:00:00+08:00,+08:00
E00900,U6,60,2024-03-20T12:00:00+08:00,+08:00
E00901,U1,73,2024-03-21T00:00:00+08:00,+08:00
E00902,U1,86,2024-03-21T00:00:00+08:00,+08:00
E00903,U2,2,2024-03-21T00:00:00+08:00,+08:00
E00904,U2,15,2024-03-21T00:00:00+08:00,+08:00
E00905,U3,28,2024-03-21T00:00:00+08:00,+08:00
E00906,U3,41,2024-03-21T00:00:00+08:00,+08:00
E00907,U4,54,2024-03-21T00:00:00+08:00,+08:00
E00908,U4,67,2024-03-21T00:00:00+08:00,+08:00
E00909,U5,80,2024-03-21T00:00:00+08:00,+08:00
E00910,U5,93,2024-03-21T00:00:00+08:00,+08:00
E00911,U6,9,2024-03-21T00:00:00+08:00,+08:00
E00912,U6,22,2024-03-21T00:00:00+08:00,+08:00
E00913,U1,35,2024-03-22T12:00:00+08:00,+08:00
E00914,U2,48,2024-03-22T12:00:00+08:00,+08:00
E00915,U3,61,2024-03-22T12:00:00+08:00,+08:00
E00916,U4,74,2024-03-22T12:00:00+08:00,+08:00
E00917,U5,87,2024-03-22T12:00:00+08:00,+08:00
E00918,U6,3,2024-03-22T12:00:00+08:00,+08:00
E00919,U1,16,2024-03-23T00:00:00+08:00,+08:00
E00920,U2,29,2024-03-23T00:00:00+08:00,+08:00
E00921,U3,42,2024-03-23T00:00:00+08:00,+08:00
E00922,U4,55,2024-03-23T00:00:00+08:00,+08:00
E00923,U5,68,2024-03-23T00:00:00+08:00,+08:00
E00924,U6,81,2024-03-23T00:00:00+08:00,+08:00
E00925,U1,94,2024-03-23T12:00:00+08:00,+08:00
E00926,U1,10,2024-03-23T12:00:00+08:00,+08:00
E00927,U2,23,2024-03-23T12:00:00+08:00,+08:00
E00928,U2,36,2024-03-23T12:00:00+08:00,+08:00
E00929,U3,49,2024-03-23T12:00:00+08:00,+08:00
E00930,U3,62,2024-03-23T12:00:00+08:00,+08:00
E00931,U4,75,2024-03-23T12:00:00+08:00,+08:00
E00932,U4,88,2024-03-23T12:00:00+08:00,+08:00
E00933,U5,4,2024-03-23T12:00:00+08:00,+08:00
E00934,U5,17,2024-03-23T12:00:00+08:00,+08:00
E00935,U6,30,2024-03-23T12:00:00+08:00,+08:00
E00936,U6,43,2024-03-23T12:00:00+08:00,+08:00
E00937,U1,56,2024-03-24T00:00:00+08:00,+08:00
E00938,U1,69,2024-03-24T00:00:00+08:00,+08:00
E00939,U2,82,2024-03-24T00:00:00+08:00,+08:00
E00940,U2,95,2024-03-24T00:00:00+08:00,+08:00
E00941,U3,11,2024-03-24T00:00:00+08:00,+08:00
E00942,U3,24,2024-03-24T00:00:00+08:00,+08:00
E00943,U4,37,2024-03-24T00:00:00+08:00,+08:00
E00944,U4,50,2024-03-24T00:00:00+08:00,+08:00
E00945,U5,63,2024-03-24T00:00:00+08:00,+08:00
E00946,U5,76,2024-03-24T00:00:00+08:00,+08:00
E00947,U6,89,2024-03-24T00:00:00+08:00,+08:00
E00948,U6,5,2024-03-24T00:00:00+08:00,+08:00
E00949,U1,18,2024-03-25T12:00:00+08:00,+08:00
E00950,U2,31,2024-03-25T12:00:00+08:00,+08:00
E00951,U3,44,2024-03-25T12:00:00+08:00,+08:00
E00952,U4,57,2024-03-25T12:00:00+08:00,+08:00
E00953,U5,70,2024-03-25T12:00:00+08:00,+08:00
E00954,U6,83,2024-03-25T12:00:00+08:00,+08:00
E00955,U1,96,2024-03-26T00:00:00+08:00,+08:00
E00956,U2,12,2024-03-26T00:00:00+08:00,+08:00
E00957,U3,25,2024-03-26T00:00:00+08:00,+08:00
E00958,U4,38,2024-03-26T00:00:00+08:00,+08:00
E00959,U5,51,2024-03-26T00:00:00+08:00,+08:00
E00960,U6,64,2024-03-26T00:00:00+08:00,+08:00
E00961,U1,77,2024-03-26T12:00:00+08:00,+08:00
E00962,U1,90,2024-03-26T12:00:00+08:00,+08:00
E00963,U2,6,2024-03-26T12:00:00+08:00,+08:00
E00964,U2,19,2024-03-26T12:00:00+08:00,+08:00
E00965,U3,32,2024-03-26T12:00:00+08:00,+08:00
E00966,U3,45,2024-03-26T12:00:00+08:00,+08:00
E00967,U4,58,2024-03-26T12:00:00+08:00,+08:00
E00968,U4,71,2024-03-26T12:00:00+08:00,+08:00
E00969,U5,84,2024-03-26T12:00:00+08:00,+08:00
E00970,U5,0,2024-03-26T12:00:00+08:00,+08:00
E00971,U6,13,2024-03-26T12:00:00+08:00,+08:00
E00972,U6,26,2024-03-26T12:00:00+08:00,+08:00
E00973,U1,39,2024-03-27T00:00:00+08:00,+08:00
E00974,U1,52,2024-03-27T00:00:00+08:00,+08:00
E00975,U2,65,2024-03-27T00:00:00+08:00,+08:00
E00976,U2,78,2024-03-27T00:00:00+08:00,+08:00
E00977,U3,91,2024-03-27T00:00:00+08:00,+08:00
E00978,U3,7,2024-03-27T00:00:00+08:00,+08:00
E00979,U4,20,2024-03-27T00:00:00+08:00,+08:00
E00980,U4,33,2024-03-27T00:00:00+08:00,+08:00
E00981,U5,46,2024-03-27T00:00:00+08:00,+08:00
E00982,U5,59,2024-03-27T00:00:00+08:00,+08:00
E00983,U6,72,2024-03-27T00:00:00+08:00,+08:00
E00984,U6,85,2024-03-27T00:00:00+08:00,+08:00
E00985,U1,1,2024-03-28T12:00:00+08:00,+08:00
E00986,U2,14,2024-03-28T12:00:00+08:00,+08:00
E00987,U3,27,2024-03-28T12:00:00+08:00,+08:00
E00988,U4,40,2024-03-28T12:00:00+08:00,+08:00
E00989,U5,53,2024-03-28T12:00:00+08:00,+08:00
E00990,U6,66,2024-03-28T12:00:00+08:00,+08:00
E00991,U1,79,2024-03-29T00:00:00+08:00,+08:00
E00992,U2,92,2024-03-29T00:00:00+08:00,+08:00
E00993,U3,8,2024-03-29T00:00:00+08:00,+08:00
E00994,U4,21,2024-03-29T00:00:00+08:00,+08:00
E00995,U5,34,2024-03-29T00:00:00+08:00,+08:00
E00996,U6,47,2024-03-29T00:00:00+08:00,+08:00
E00997,U1,60,2024-03-29T12:00:00+08:00,+08:00
E00998,U1,73,2024-03-29T12:00:00+08:00,+08:00
E00999,U2,86,2024-03-29T12:00:00+08:00,+08:00
E01000,U2,2,2024-03-29T12:00:00+08:00,+08:00
E01001,U3,15,2024-03-29T12:00:00+08:00,+08:00
E01002,U3,28,2024-03-29T12:00:00+08:00,+08:00
E01003,U4,41,2024-03-29T12:00:00+08:00,+08:00
E01004,U4,54,2024-03-29T12:00:00+08:00,+08:00
E01005,U5,67,2024-03-29T12:00:00+08:00,+08:00
E01006,U5,80,2024-03-29T12:00:00+08:00,+08:00
E01007,U6,93,2024-03-29T12:00:00+08:00,+08:00
E01008,U6,9,2024-03-29T12:00:00+08:00,+08:00
E01009,U1,22,2024-03-30T00:00:00+08:00,+08:00
E01010,U1,35,2024-03-30T00:00:00+08:00,+08:00
E01011,U2,48,2024-03-30T00:00:00+08:00,+08:00
E01012,U2,61,2024-03-30T00:00:00+08:00,+08:00
E01013,U3,74,2024-03-30T00:00:00+08:00,+08:00
E01014,U3,87,2024-03-30T00:00:00+08:00,+08:00
E01015,U4,3,2024-03-30T00:00:00+08:00,+08:00
E01016,U4,16,2024-03-30T00:00:00+08:00,+08:00
E01017,U5,29,2024-03-30T00:00:00+08:00,+08:00
E01018,U5,42,2024-03-30T00:00:00+08:00,+08:00
E01019,U6,55,2024-03-30T00:00:00+08:00,+08:00
E01020,U6,68,2024-03-30T00:00:00+08:00,+08:00
X00000,U1,0,,none
X00001,U2,1,,none
X00002,U3,2,,none
